Epoch,3 Train Loss ,3 Train Acc,3 Vali. Acc,3 Time (s),3 Cosine,1 Train Loss,1 Train Acc,1 Vali. Acc,1 Time (s),1 Cosine
0,2.7836,0.0759,0.0946,11.2762,0.3827,2.6956,0.0654,0.0889,9.3175,0
100,1.738,0.4135,0.4455,55.4334,0.1214,2.1872,0.2679,0.2967,52.5568,0
200,1.297,0.5802,0.6071,55.8607,0.0133,1.7296,0.4283,0.4888,52.9525,0
300,1.1551,0.6034,0.664,57.4288,0,1.3895,0.5844,0.5927,53.3023,0
400,1.0455,0.6709,0.7226,56.7936,0,1.3311,0.6034,0.6114,53.3391,0
500,0.8476,0.73,0.7511,55.9256,0.0001,1.0983,0.6603,0.6942,53.1693,0
600,0.8958,0.7257,0.7702,57.0935,0,1.1245,0.6561,0.7143,53.3332,0
700,0.8537,0.7384,0.7586,56.1707,0,1.0371,0.692,0.7206,53.1482,0
800,0.8065,0.7278,0.7251,57.9002,0,1.0103,0.6899,0.7082,53.5427,0
900,0.8548,0.7384,0.7436,57.7308,0,1.0053,0.6983,0.7312,52.7458,0
1000,0.787,0.7511,0.7532,56.0935,0,0.9803,0.7194,0.743,53.0052,0
1100,0.7757,0.7489,0.7733,57.0095,0,0.9325,0.7173,0.7521,53.2818,0
1200,0.7802,0.7447,0.7969,57.3958,0,0.914,0.7173,0.7541,52.4655,0
1300,0.728,0.7595,0.8041,57.7209,0,0.971,0.7025,0.7369,52.2572,0
1400,0.769,0.7679,0.8052,57.1884,0,0.8899,0.7384,0.7614,52.5514,0
1500,0.6625,0.7932,0.8126,55.8654,0,1.0012,0.7068,0.7798,52.6875,0
1600,0.7594,0.7616,0.7407,58.2092,0,0.9594,0.6793,0.7577,53.1838,0
1700,0.6975,0.789,0.7854,56.8154,0,0.88,0.7342,0.769,52.5223,0
1800,0.759,0.7532,0.8163,57.882,0,0.8807,0.7616,0.7754,52.2965,0
1900,0.7622,0.7679,0.805,57.3945,0,0.9227,0.7342,0.7844,52.8354,0
2000,0.6329,0.8017,0.8046,56.6689,0,0.8993,0.7384,0.7462,52.6392,0
2100,0.6803,0.7954,0.816,55.8325,0,0.8867,0.7553,0.7766,52.3637,0
2200,0.6863,0.7911,0.8157,57.4294,0,0.9223,0.7363,0.7267,52.8688,0
2300,0.6705,0.7996,0.8055,56.5155,0,0.9075,0.7447,0.795,52.4482,0
2400,0.738,0.7658,0.7709,57.4692,0,0.8889,0.7152,0.7403,53.0521,0
2500,0.6541,0.8017,0.8249,56.6676,0,0.9212,0.7384,0.8022,52.1843,0
2600,0.6899,0.7658,0.7493,57.2854,0,0.867,0.7489,0.7866,52.6112,0
2700,0.6427,0.7932,0.8169,57.5914,0,0.8388,0.7489,0.7837,52.791,0
2800,0.6451,0.7954,0.7868,56.5431,0,0.8184,0.7722,0.7993,52.8927,0
2900,0.7087,0.7806,0.7922,56.8601,0,0.7984,0.7637,0.7568,52.2396,0
3000,0.6033,0.827,0.8227,56.5664,0,0.8264,0.7553,0.7988,53.0633,0
3100,0.683,0.7764,0.8047,57.2509,0,0.9052,0.7131,0.7963,52.4466,0
3200,0.672,0.7932,0.7956,57.0365,0,0.7817,0.7764,0.7163,52.5396,0
3300,0.5673,0.8249,0.8079,57.3807,0,0.8454,0.7679,0.795,52.3256,0
3400,0.6626,0.7911,0.8147,56.3778,0,0.9151,0.7468,0.758,52.2114,0
3500,0.6464,0.8165,0.7319,57.0711,0,0.8623,0.7595,0.8042,52.7567,0
3600,0.6496,0.8059,0.8234,55.8702,0,0.9264,0.7426,0.796,52.3725,0
3700,0.5981,0.8249,0.8194,56.1404,0,0.8802,0.7532,0.7863,52.9437,0
3800,0.6053,0.8038,0.7559,57.9101,0,0.7953,0.7722,0.8008,53.475,0
3900,0.6188,0.808,0.7914,56.6766,0,0.8215,0.7595,0.8039,53.0373,0
4000,0.5355,0.8418,0.7803,56.1869,0,0.8551,0.7511,0.7774,52.8639,0
4100,0.5976,0.8228,0.8049,56.1005,0,0.824,0.7616,0.7306,52.9675,0
4200,0.6127,0.8143,0.7483,57.1115,0,0.8375,0.7679,0.8215,52.9426,0
4300,0.5074,0.8376,0.823,56.6571,0,0.881,0.7257,0.7993,52.8979,0
4400,0.6495,0.8038,0.8163,56.8676,0,0.819,0.7405,0.8051,52.3686,0
4500,0.5315,0.8481,0.7404,55.8804,0,0.7813,0.7932,0.8087,52.931,0
4600,0.5506,0.8397,0.8147,55.6906,0,0.7303,0.808,0.8157,53.212,0
4700,0.6299,0.8122,0.7938,57.443,0,0.794,0.7764,0.8063,52.5195,0
4800,0.6795,0.7869,0.745,56.8046,0,0.7831,0.7806,0.8153,53.2648,0
4900,0.6181,0.8165,0.8054,56.3156,0,0.7965,0.7827,0.8129,52.725,0
5000,0.5781,0.7996,0.8003,56.7688,0,0.7804,0.7637,0.8085,53.1076,0
5100,0.6201,0.8017,0.842,57.2504,0,0.7921,0.77,0.8323,54.2401,0
5200,0.5591,0.8101,0.7768,55.7654,0,0.7621,0.7954,0.8166,53.0838,0
5300,0.6099,0.7996,0.782,57.3775,0,0.8089,0.7616,0.8038,53.0428,0
5400,0.5975,0.8249,0.7719,57.1614,0,0.8173,0.7658,0.8029,53.1074,0
5500,0.5729,0.8333,0.7765,56.7173,0,0.7863,0.7764,0.7524,52.9701,0
5600,0.5451,0.8481,0.8475,56.6719,0,0.7421,0.7764,0.8154,53.4457,0
5700,0.4916,0.865,0.752,56.515,0,0.8081,0.7679,0.7385,52.7511,0
5800,0.4856,0.8565,0.8118,56.1484,0,0.6655,0.8186,0.8143,53.8602,0
5900,0.6081,0.8312,0.8195,57.2078,0,0.8071,0.7658,0.7975,54.0244,0
6000,0.5761,0.8143,0.7678,56.6845,0,0.8576,0.7489,0.7352,52.687,0
6100,0.5421,0.8418,0.7499,56.586,0,0.8676,0.7342,0.8005,53.3287,0
6200,0.4914,0.8397,0.7442,57.8159,0,0.7484,0.7806,0.8087,53.369,0
6300,0.599,0.7996,0.7874,57.7392,0,0.7431,0.7848,0.7946,53.355,0
6400,0.6232,0.8122,0.7501,57.154,0,0.712,0.7932,0.809,53.7836,0
6500,0.5776,0.8101,0.7853,55.4549,0,0.8463,0.7511,0.8193,53.4232,0
6600,0.5358,0.8418,0.7595,57.4231,0,0.6653,0.8312,0.8127,52.9948,0
6700,0.4957,0.8439,0.7475,56.3223,0,0.7569,0.7595,0.8187,53.538,0
6800,0.5363,0.8249,0.8344,56.4523,0,0.7769,0.7722,0.8279,53.2981,0
6900,0.5293,0.8291,0.7575,56.2663,0,0.7993,0.77,0.7914,53.2105,0
7000,0.514,0.8333,0.7524,55.8396,0,0.8029,0.7532,0.8116,53.332,0
7100,0.5185,0.846,0.7419,55.9811,0,0.7026,0.8165,0.741,52.9936,0
7200,0.5986,0.827,0.8242,58.3392,0,0.7813,0.7848,0.7473,53.4264,0
7300,0.5932,0.8228,0.7476,56.0014,0,0.6791,0.8165,0.7937,53.1939,0
7400,0.5498,0.8165,0.8322,56.4274,0,0.7124,0.8038,0.8264,53.333,0
7500,0.6287,0.789,0.782,57.4869,0,0.7437,0.77,0.812,53.3547,0
7600,0.5503,0.8354,0.7541,56.9321,0,0.7513,0.7806,0.7831,53.2096,0
7700,0.4874,0.8565,0.7636,56.8924,0,0.6163,0.8186,0.8093,53.715,0
7800,0.6343,0.7932,0.7924,56.5008,0,0.7628,0.7785,0.8246,52.8826,0
7900,0.5263,0.8376,0.7525,56.0569,0,0.7458,0.7911,0.7807,53.2537,0
8000,0.5486,0.8228,0.7738,57.1824,0,0.7276,0.7827,0.819,53.7038,0
8100,0.5508,0.8291,0.8375,57.7031,0,0.6939,0.8059,0.8211,53.3803,0
8200,0.5777,0.8059,0.8336,56.8234,0,0.7793,0.7848,0.8288,53.2151,0
8300,0.5472,0.8186,0.8395,56.3671,0,0.7945,0.7637,0.8169,53.1114,0
8400,0.4686,0.8608,0.7951,55.9329,0,0.7022,0.7932,0.7895,52.8145,0
8500,0.5164,0.827,0.8397,56.5403,0,0.7663,0.7911,0.8247,52.8444,0
8600,0.5342,0.8418,0.8599,56.5273,0,0.747,0.7869,0.8324,53.5824,0
8700,0.4588,0.8713,0.8106,55.726,0,0.7441,0.7975,0.8234,53.4267,0
8800,0.4816,0.846,0.8265,56.9373,0,0.7254,0.7954,0.8008,53.2193,0
8900,0.5431,0.8418,0.7623,56.4877,0,0.7054,0.7827,0.8273,53.1491,0
9000,0.5767,0.8165,0.7693,56.6199,0,0.7423,0.77,0.7967,53.2341,0
9100,0.4393,0.8776,0.8066,56.0077,0,0.6265,0.8249,0.8149,54.1301,0
9200,0.5385,0.8333,0.8476,57.062,0,0.652,0.8186,0.7647,53.4547,0
9300,0.553,0.846,0.7648,56.3593,0,0.7639,0.7722,0.8239,53.2108,0
9400,0.5033,0.8418,0.7753,56.1656,0,0.7823,0.7637,0.747,54.2118,0
9500,0.5588,0.8312,0.7562,57.1328,0,0.6624,0.8165,0.7726,52.6407,0
9600,0.5596,0.8228,0.8162,57.8434,0,0.6695,0.8059,0.8259,54.3565,0
9700,0.5557,0.8312,0.7851,55.8181,0,0.6946,0.808,0.8223,53.7877,0
9800,0.567,0.8354,0.8002,56.3305,0,0.7155,0.808,0.7585,52.9862,0
9900,0.5897,0.8143,0.7878,56.6133,0,0.6788,0.8165,0.7965,53.6179,0
10000,0.5529,0.8376,0.7624,57.1632,0,0.6903,0.8017,0.8051,53.0862,0
10100,0.4754,0.8565,0.7808,56.7211,0,0.6711,0.8122,0.8087,53.552,0
10200,0.453,0.8671,0.7671,58.4659,0,0.7113,0.8038,0.8213,53.7856,0
10300,0.4478,0.8734,0.7653,56.6362,0,0.6065,0.8544,0.8147,53.4794,0
10400,0.4433,0.8608,0.7664,56.3723,0,0.5999,0.8397,0.776,53.5405,0
10500,0.4559,0.8544,0.7657,56.6396,0,0.7384,0.7848,0.8078,53.509,0
10600,0.5663,0.8397,0.7696,56.6361,0,0.7048,0.7764,0.7702,53.8388,0
10700,0.4497,0.8565,0.7913,57.047,0,0.7047,0.8017,0.7706,53.4019,0
10800,0.4246,0.8755,0.7665,56.2252,0,0.6559,0.8165,0.7337,53.3523,0
10900,0.512,0.8418,0.7715,56.2958,0,0.6538,0.8143,0.7786,53.2595,0
11000,0.5213,0.846,0.7702,56.6487,0,0.6834,0.8165,0.796,53.6782,0
11100,0.4955,0.8439,0.761,56.3515,0,0.7574,0.7827,0.8274,53.0707,0
11200,0.4652,0.8608,0.7643,58.296,0,0.6598,0.8165,0.7817,53.3536,0
11300,0.4687,0.8608,0.7595,55.8527,0,0.6086,0.8376,0.7946,52.9471,0
11400,0.4652,0.8671,0.7728,56.6563,0,0.6222,0.8143,0.8203,53.1993,0
11500,0.4918,0.8439,0.7785,56.6425,0,0.6924,0.8038,0.7632,53.5652,0
11600,0.4741,0.8671,0.7622,58.8028,0,0.6689,0.8059,0.7805,53.3679,0
11700,0.4686,0.8397,0.7654,55.8137,0,0.6011,0.8228,0.7839,53.5493,0
11800,0.4356,0.8586,0.7667,56.8011,0,0.6795,0.8038,0.8156,53.4145,0
11900,0.4349,0.8692,0.7595,57.7732,0,0.6395,0.8228,0.8202,53.2072,0
12000,0.3937,0.884,0.7652,57.0835,0,0.5763,0.8397,0.8032,54.7846,0
12100,0.4115,0.865,0.7671,56.923,0,0.6297,0.8354,0.8056,52.9767,0
12200,0.5575,0.8207,0.7845,56.6367,0,0.675,0.7996,0.7924,53.4971,0
12300,0.4573,0.8608,0.7686,57.3894,0,0.5828,0.8376,0.8003,53.6567,0
12400,0.4805,0.8481,0.7787,56.4537,0,0.6308,0.8228,0.8127,52.8699,0
12500,0.4556,0.8523,0.7745,56.8425,0,0.7141,0.8059,0.7864,53.5307,0
12600,0.4148,0.8692,0.7652,56.8925,0,0.6148,0.8312,0.8363,53.6667,0
12700,0.5223,0.846,0.7671,56.397,0,0.6927,0.8038,0.8386,53.053,0
12800,0.4775,0.8544,0.7676,56.5702,0,0.6863,0.8017,0.7729,54.285,0
12900,0.5526,0.8397,0.7723,57.3347,0,0.6448,0.8143,0.824,53.9724,0
13000,0.4541,0.8586,0.7801,56.3932,0,0.6865,0.8143,0.8218,53.172,0
13100,0.4989,0.8629,0.766,56.8613,0,0.626,0.8291,0.8112,54.1988,0
13200,0.4185,0.8819,0.7646,56.114,0,0.6855,0.8143,0.753,53.4517,0
13300,0.4452,0.8713,0.7702,56.3921,0,0.7145,0.8017,0.7982,53.4228,0
13400,0.4758,0.8544,0.763,58.2797,0,0.7309,0.7827,0.7814,53.485,0
13500,0.3772,0.8776,0.7667,56.345,0,0.667,0.827,0.84,53.276,0
13600,0.4472,0.8734,0.7815,56.6111,0,0.6989,0.8122,0.8188,54.1388,0
13700,0.4369,0.8692,0.7662,56.2735,0,0.6246,0.8207,0.8302,53.5022,0
13800,0.4434,0.8586,0.7714,56.9521,0,0.7014,0.808,0.7631,53.2988,0
13900,0.4782,0.8544,0.771,56.3354,0,0.7255,0.7975,0.7908,53.9513,0
14000,0.4751,0.8692,0.7886,55.9824,0,0.7147,0.7911,0.7508,53.1337,0
14100,0.4441,0.8502,0.7666,56.0717,0,0.6569,0.8186,0.7498,53.3915,0
14200,0.5108,0.8354,0.7682,57.455,0,0.5785,0.8523,0.8347,53.3417,0
14300,0.5115,0.846,0.7752,56.1453,0,0.7449,0.7869,0.771,52.9703,0
14400,0.5005,0.8439,0.756,57.3754,0,0.6774,0.8017,0.8214,53.7376,0
14500,0.5495,0.8312,0.8038,57.3655,0,0.6743,0.808,0.8299,53.1285,0
14600,0.5009,0.846,0.7863,57.8266,0,0.6177,0.8312,0.8009,53.9374,0
14700,0.4308,0.8776,0.7656,56.6981,0,0.5833,0.8544,0.8135,54.7387,0
14800,0.3832,0.8797,0.77,56.9898,0,0.663,0.8143,0.7535,53.7363,0
14900,0.4149,0.8755,0.7642,58.182,0,0.6411,0.8165,0.8161,53.8623,0
15000,0.4887,0.846,0.7692,56.9965,0,0.6556,0.8038,0.7602,53.7611,0
15100,0.5334,0.827,0.7664,56.0062,0,0.612,0.8312,0.7819,53.4121,0
15200,0.4556,0.8692,0.7778,57.7696,0,0.6211,0.8333,0.7445,54.1061,0
15300,0.4748,0.8629,0.7655,56.2193,0,0.6575,0.8207,0.7427,53.5368,0
15400,0.502,0.8418,0.771,56.6871,0,0.6445,0.7975,0.8005,53.912,0
15500,0.5081,0.865,0.7669,56.5861,0,0.603,0.8228,0.8076,53.6283,0
15600,0.4489,0.8692,0.7631,56.5783,0,0.5549,0.8629,0.8373,53.2568,0
15700,0.437,0.865,0.7667,56.71,0,0.7482,0.7827,0.7571,53.6625,0
15800,0.4511,0.8692,0.7692,57.6109,0,0.6699,0.8038,0.7434,54.0203,0
15900,0.4222,0.8629,0.7661,56.5576,0,0.702,0.7975,0.7885,53.0836,0
16000,0.4374,0.8734,0.7585,58.5134,0,0.6931,0.7954,0.7506,53.7181,0
16100,0.4448,0.865,0.7632,56.2196,0,0.7191,0.7848,0.7443,53.7565,0
16200,0.5018,0.8354,0.7965,56.3511,0,0.6495,0.8249,0.7923,52.903,0
16300,0.5114,0.8502,0.7914,57.2615,0,0.6769,0.7996,0.7876,53.6065,0
16400,0.4115,0.8734,0.7637,57.1651,0,0.763,0.7848,0.7882,53.4748,0
16500,0.4435,0.8734,0.7657,56.0124,0,0.6748,0.8249,0.823,53.0498,0
16600,0.4155,0.8608,0.7626,56.8448,0,0.676,0.8249,0.8165,53.2804,0
16700,0.429,0.8776,0.7676,57.5854,0,0.5755,0.8418,0.7723,53.3494,0
16800,0.4624,0.8586,0.7642,56.161,0,0.6018,0.8333,0.7448,53.7826,0
16900,0.4638,0.865,0.7624,56.3941,0,0.6975,0.7996,0.7453,53.6574,0
17000,0.4445,0.8692,0.7669,56.1974,0,0.606,0.8354,0.7763,52.9554,0
17100,0.4015,0.8629,0.777,56.9151,0,0.6319,0.8207,0.823,53.1694,0
17200,0.4751,0.8608,0.765,56.9777,0,0.6337,0.8397,0.7817,53.3514,0
17300,0.418,0.8713,0.7741,55.932,0,0.6193,0.8481,0.8218,53.2443,0
17400,0.4332,0.865,0.7687,56.8069,0,0.6635,0.808,0.7766,52.9548,0
17500,0.3693,0.8924,0.7739,57.3464,0,0.6721,0.8312,0.7555,52.5523,0
17600,0.4075,0.8734,0.7737,57.7574,0,0.6433,0.8207,0.8097,54.1795,0
17700,0.3973,0.8713,0.7859,57.0539,0,0.6205,0.8186,0.7764,53.1931,0
17800,0.5045,0.8565,0.7664,57.9114,0,0.6436,0.8143,0.745,52.9192,0
17900,0.4906,0.8502,0.7649,58.0429,0,0.6778,0.8038,0.8282,53.6439,0
18000,0.5009,0.8502,0.7806,57.3154,0,0.5666,0.8565,0.8048,53.6488,0
18100,0.4274,0.8734,0.7734,56.3653,0,0.6482,0.8186,0.836,52.974,0
18200,0.3963,0.8882,0.8233,56.9984,0,0.6042,0.8249,0.7695,53.3763,0
18300,0.3755,0.903,0.7803,57.1217,0,0.5481,0.8544,0.7852,52.8359,0
18400,0.5074,0.8544,0.7722,57.7098,0,0.6417,0.8059,0.818,53.5562,0
18500,0.3883,0.8903,0.768,56.6626,0,0.6272,0.8228,0.7805,53.523,0
18600,0.4836,0.8608,0.7597,57.031,0,0.6043,0.8291,0.8307,55.6661,0
18700,0.4308,0.8797,0.7636,56.9381,0,0.617,0.8143,0.8032,54.9234,0
18800,0.3876,0.8797,0.7645,56.5516,0,0.6274,0.8249,0.7717,54.9115,0
18900,0.4313,0.8671,0.7807,56.3268,0,0.6563,0.8017,0.7807,56.2857,0
19000,0.4613,0.846,0.7735,57.5031,0,0.5815,0.8333,0.7633,57.1875,0
19100,0.3886,0.8713,0.7662,57.0993,0,0.5959,0.8354,0.8047,54.6406,0
19200,0.402,0.8713,0.7644,57.1098,0,0.6185,0.8207,0.7714,55.0809,0
19300,0.4339,0.8755,0.768,58.216,0,0.6164,0.8291,0.7969,55.281,0
19400,0.4102,0.8755,0.7734,56.7698,0,0.6553,0.827,0.7961,54.4862,0
19500,0.4354,0.8692,0.8571,56.5359,0,0.7331,0.7806,0.7376,55.5671,0
19600,0.4413,0.8671,0.8047,56.7447,0,0.641,0.8101,0.8432,53.9931,0
19700,0.423,0.8671,0.7751,56.246,0,0.6131,0.8312,0.749,55.3168,0
19800,0.46,0.8692,0.76,57.3064,0,0.7048,0.8017,0.7491,54.9617,0
19900,0.391,0.8713,0.7587,56.2001,0,0.6093,0.8249,0.7909,54.3242,0
20000,0.4834,0.8629,0.7692,56.7188,0,0.6091,0.8207,0.7951,53.7075,0
20100,0.4034,0.8713,0.7909,56.4984,0,0.5713,0.8186,0.7958,53.1305,0
20199,0.4219,0.8776,0.7725,55.8585,0,0.7037,0.8017,0.8059,52.654,0
20200,0.7213,0.77,0.7879,8.9328,0,0.869,0.7405,0.7892,8.3607,0
20300,0.4914,0.846,0.8787,56.3146,0,0.6714,0.8101,0.8532,53.1422,0
20400,0.4734,0.8586,0.8761,56.4585,0,0.6812,0.8165,0.8583,52.9852,0
20500,0.5217,0.8439,0.877,57.1792,0,0.6871,0.808,0.8636,54.076,0
20600,0.4739,0.8481,0.8821,55.955,0,0.6539,0.8143,0.8575,53.4878,0
20700,0.4194,0.865,0.8768,56.2558,0,0.6983,0.8059,0.8616,53.5213,0
20800,0.3828,0.8819,0.884,56.7296,0,0.678,0.8228,0.8565,53.2136,0
20900,0.4821,0.8608,0.881,56.1642,0,0.6589,0.808,0.8593,53.3181,0
21000,0.4789,0.8565,0.8825,56.5533,0,0.7051,0.808,0.8527,53.279,0
21100,0.5015,0.846,0.8817,57.532,0,0.627,0.8333,0.8571,53.4626,0
21200,0.4112,0.8966,0.8802,56.0154,0,0.5935,0.8333,0.8652,52.7636,0
21300,0.4619,0.8586,0.8781,56.7716,0,0.6627,0.827,0.8627,54.0825,0
21400,0.473,0.8586,0.876,55.8771,0,0.5982,0.8397,0.8657,53.9711,0
21500,0.4468,0.8608,0.8796,57.626,0,0.7325,0.7616,0.8538,53.2264,0
21600,0.4358,0.8586,0.8783,57.9467,0,0.6854,0.7954,0.8597,53.3846,0
21700,0.4774,0.8481,0.8861,57.0341,0,0.6476,0.8101,0.8606,53.3493,0
21800,0.4402,0.8523,0.8832,58.3714,0,0.6219,0.8312,0.8585,53.3023,0
21900,0.4523,0.8544,0.8861,56.8038,0,0.6311,0.827,0.8646,53.2289,0
22000,0.4144,0.8713,0.8847,55.6819,0,0.7217,0.808,0.8555,52.8254,0
22100,0.5338,0.8481,0.882,56.8355,0,0.6607,0.8249,0.8603,53.8053,0
22200,0.4214,0.8776,0.8802,57.0532,0,0.5684,0.8439,0.8629,53.0767,0
22300,0.4268,0.8819,0.8769,56.1393,0,0.686,0.8038,0.8606,53.2748,0
22400,0.4034,0.8903,0.8856,56.6731,0,0.6521,0.8122,0.8616,54.0107,0
22500,0.4379,0.8629,0.8833,55.8361,0,0.6885,0.7848,0.8574,53.5365,0
22600,0.4608,0.8692,0.8803,56.5215,0,0.6837,0.8122,0.8627,52.6265,0
22700,0.3855,0.8903,0.8842,56.5599,0,0.7014,0.7911,0.8582,54.3082,0
22800,0.4736,0.8608,0.8822,56.6105,0,0.6156,0.8207,0.8614,53.2227,0
22900,0.5105,0.8502,0.8867,57.1571,0,0.578,0.8376,0.863,53.828,0
23000,0.3651,0.8882,0.8797,55.7697,0,0.6349,0.7975,0.856,53.2111,0
23100,0.479,0.8671,0.8834,55.745,0,0.6373,0.8122,0.8581,53.8813,0
23200,0.4283,0.8734,0.8844,56.5132,0,0.6394,0.8397,0.8587,53.3621,0
23300,0.4178,0.8734,0.888,56.5122,0,0.6578,0.808,0.8642,53.079,0
23400,0.4637,0.8819,0.8799,56.8196,0,0.5877,0.8312,0.8607,53.3272,0
23500,0.4177,0.8734,0.8833,57.3139,0,0.6021,0.8291,0.8565,53.8996,0
23600,0.5283,0.8397,0.887,56.8731,0,0.6482,0.8249,0.8591,53.2936,0
23700,0.4314,0.8713,0.8855,56.7902,0,0.6836,0.7954,0.8591,53.9664,0
23800,0.4283,0.8797,0.8846,56.6016,0,0.6853,0.7996,0.8649,52.8041,0
23900,0.4287,0.8629,0.8854,56.1588,0,0.6699,0.8143,0.8644,53.0647,0
24000,0.4667,0.8671,0.8819,57.0823,0,0.6982,0.8038,0.8588,53.7825,0
24100,0.4232,0.884,0.8812,56.4029,0,0.7569,0.7785,0.8624,53.1538,0
24200,0.3904,0.8945,0.8861,56.464,0,0.6504,0.7954,0.8638,53.4149,0
24300,0.4315,0.8544,0.8823,58.2855,0,0.6227,0.8249,0.862,53.3966,0
24400,0.4702,0.8565,0.8855,56.6282,0,0.6003,0.827,0.8616,53.2161,0
24500,0.4353,0.8713,0.882,58.648,0,0.6329,0.8249,0.8545,53.948,0
24600,0.4271,0.8713,0.8787,55.8022,0,0.6243,0.8207,0.8608,53.2167,0
24700,0.4055,0.8713,0.8842,56.6635,0,0.6213,0.8143,0.8674,53.2194,0
24800,0.4156,0.8565,0.8815,57.5341,0,0.6104,0.8249,0.8619,55.3354,0
24900,0.4009,0.8903,0.8799,56.9412,0,0.5349,0.8629,0.8625,54.009,0
25000,0.4122,0.8882,0.8841,56.5508,0,0.6277,0.8101,0.8605,53.2953,0
25100,0.4512,0.8586,0.8832,57.8183,0,0.593,0.8439,0.8612,53.9813,0
25200,0.4549,0.8755,0.8871,56.2751,0,0.6482,0.8333,0.8591,54.4269,0
25300,0.4234,0.8713,0.8818,56.6573,0,0.5911,0.8376,0.8655,54.2212,0
25400,0.4195,0.8671,0.8822,57.1688,0,0.63,0.8312,0.8639,53.1073,0
25500,0.436,0.8692,0.8782,55.81,0,0.6145,0.8376,0.8626,53.301,0
25600,0.4614,0.8523,0.8894,56.7616,0,0.6012,0.8312,0.8628,53.8848,0
25700,0.4704,0.8397,0.8843,56.6239,0,0.5866,0.8376,0.8598,53.4684,0
25800,0.4975,0.8565,0.8805,55.8914,0,0.6279,0.827,0.8549,53.456,0
25900,0.4312,0.8755,0.8876,56.7921,0,0.5884,0.8481,0.859,54.0416,0
26000,0.4605,0.8629,0.8759,56.1901,0,0.6296,0.8143,0.8641,53.444,0
26100,0.3669,0.8797,0.8824,57.0415,0,0.6321,0.8312,0.865,53.9656,0
26200,0.4966,0.8418,0.8837,57.1719,0,0.626,0.8059,0.8596,52.9725,0
26300,0.3785,0.8882,0.8859,57.2275,0,0.5762,0.846,0.8598,52.966,0
26400,0.4594,0.8523,0.8829,57.9541,0,0.6318,0.8165,0.8564,53.9378,0
26500,0.4246,0.8734,0.8775,56.6332,0,0.6516,0.8249,0.8617,52.9556,0
26600,0.4958,0.8481,0.8796,57.5625,0,0.6407,0.827,0.8606,53.23,0
26700,0.4714,0.8502,0.8832,56.5348,0,0.5614,0.8376,0.8645,53.6837,0
26800,0.4217,0.8629,0.88,56.9261,0,0.6265,0.8312,0.8643,53.7958,0
26900,0.4534,0.8629,0.8813,57.9189,0,0.6674,0.8059,0.8643,53.507,0
27000,0.5006,0.8376,0.8828,56.7584,0,0.6246,0.808,0.8618,53.3663,0
27100,0.3923,0.8945,0.8868,55.9605,0,0.623,0.8291,0.8623,53.3535,0
27200,0.4546,0.8629,0.8797,57.1915,0,0.6393,0.827,0.8712,54.7976,0
27300,0.5253,0.8481,0.889,56.9203,0,0.636,0.8186,0.8651,53.4381,0
27400,0.4556,0.8692,0.8855,58.9682,0,0.7055,0.8143,0.858,53.4817,0
27500,0.3939,0.8903,0.8839,57.0211,0,0.6068,0.827,0.8615,54.1732,0
27600,0.4633,0.8608,0.8843,57.0338,0,0.6127,0.8291,0.8619,52.9264,0
27700,0.4566,0.8565,0.8838,57.6294,0,0.6174,0.8312,0.858,53.9845,0
27800,0.4058,0.8797,0.879,56.5728,0,0.6242,0.8312,0.8562,53.6111,0
27900,0.5225,0.8249,0.8801,56.3163,0,0.6137,0.8439,0.8605,53.7993,0
28000,0.5492,0.8397,0.8869,56.8607,0,0.6612,0.8017,0.8557,54.4577,0
28100,0.5041,0.8565,0.8856,56.4894,0,0.667,0.8038,0.864,53.7608,0
28200,0.4492,0.8544,0.8861,57.3925,0,0.586,0.8354,0.8598,53.3882,0
28300,0.3713,0.8966,0.8872,55.9169,0,0.6158,0.8397,0.863,54.3014,0
28400,0.3853,0.8966,0.8777,56.5143,0,0.6814,0.7954,0.8627,54.0968,0
28500,0.3836,0.8713,0.88,57.115,0,0.5973,0.8186,0.8622,53.9826,0
28600,0.4733,0.8586,0.8869,57.3631,0,0.6236,0.8207,0.8628,53.7042,0
28700,0.376,0.8903,0.8778,56.9558,0,0.625,0.8333,0.8586,53.6988,0
28800,0.4946,0.8734,0.8808,56.7787,0,0.6452,0.8165,0.861,54.2992,0
28900,0.4351,0.8755,0.8779,56.0658,0,0.5691,0.8502,0.8636,53.4493,0
29000,0.4445,0.865,0.884,57.3573,0,0.6019,0.8207,0.8663,52.8078,0
29100,0.4398,0.8671,0.8822,54.7616,0,0.649,0.808,0.8607,53.2915,0
29200,0.4088,0.8755,0.8817,57.1767,0,0.5666,0.8418,0.8622,53.4713,0
29300,0.3834,0.8819,0.8828,56.5459,0,0.5698,0.8418,0.8623,53.5548,0
29400,0.525,0.8418,0.8849,56.4378,0,0.7107,0.8059,0.859,53.362,0
29500,0.4276,0.8734,0.8823,58.3622,0,0.6505,0.8101,0.8549,54.2336,0
29600,0.4303,0.8861,0.8857,57.7795,0,0.6775,0.8059,0.8545,54.9812,0
29700,0.4309,0.8819,0.8821,57.1599,0,0.6272,0.8249,0.8643,53.6831,0
29800,0.3624,0.8861,0.884,57.2628,0,0.6236,0.8333,0.8603,53.8045,0
29900,0.4339,0.8755,0.8824,56.2608,0,0.6116,0.8312,0.8663,55.2607,0
30000,0.4872,0.8523,0.8874,57.5805,0,0.6221,0.8291,0.8587,54.9284,0
30100,0.3891,0.8966,0.879,57.4595,0,0.6679,0.808,0.865,55.0867,0